Sin City: A Dame to Kill For	Photoset: professorwolverine: Sin City A Dame To Kill For (2014) - Eva Green as Ava Lord http://tmblr.co/ZeMt1x1PXXMep
Sin City: A Dame to Kill For	'Sin City: A Dame to Kill For': Most critics aren't won over by the film - “Most of the film is in spectacular,... http://j.mp/1p1JJTW
Sin City: A Dame to Kill For	Click to # win a Sin City 2: A Dame To Kill For prize bundle with @ HeyUGuys http://www.heyuguys.com/win-sin-city-2-dame-kill-prize-bundle/ …
Sin City: A Dame to Kill For	'Sin City: A Dame to Kill For': Most critics aren't won over by the film - “Most of the film is in spectacular,... http://j.mp/1p1JJTW
Sin City: A Dame to Kill For	Sin City: A Dame to Kill For Behind-The-Scenes B-Roll Footage http://tinyurl.com/p33p9ds # chroma # greenscreen # video
Sin City: A Dame to Kill For	# FF # MoviePlaying ► SIN CITY: A DAME TO KILL FOR http://j.mp/1sNChzz # TeamFollowBack
Sin City: A Dame to Kill For	# FF # MoviePlaying ► SIN CITY: A DAME TO KILL FOR http://j.mp/1sNChzt # TeamFollowBack
Sin City: A Dame to Kill For	Sin City, A Dama Fatal (A Dame to Kill For, 2014) - Saindo do Cinema #53: http://youtu.be/2KZ7bz4uNwM?list=UUCjAL-ivM8nwnesEcMdHIOA … via @ YouTube
Sin City: A Dame to Kill For	I rated 'Sin City: A Dame to Kill For' 3 out of 5 stars http://bit.ly/1inGhGB
Sin City: A Dame to Kill For	Check out sin city a dame to kill for and it did not disappoint bad ass movie
Captain America: The First Avenger	@ IRONLAURA Take some tissues to Captain America - The First Avenger because after the credits you're gonna get wet...
Captain America: The First Avenger	Captain America: The First Avenger (2011) << One of the greatest Marvel comic-book adaptations.
Captain America: The First Avenger	I unlocked the Captain America: The First Avenger Box Office sticker on @ GetGlue! http://bit.ly/nmNo0K
Captain America: The First Avenger	Just added 'Captain America: The First Avenger' to my Want To See list on Rotten Tomatoes. For reviews and more > http://tmto.es/lX7ZAZ
Captain America: The First Avenger	I am watching Captain America: The First Avenger. http://gomiso.com/r/7Cwu
Captain America: The First Avenger	I unlocked the Captain America: The First Avenger Box Office sticker on @ GetGlue! http://bit.ly/pzfeUT
Captain America: The First Avenger	Captain America: The First Avenger - Movie Review - Simple Hacks http://dlvr.it/dKPGc
Captain America: The First Avenger	I unlocked the Captain America: The First Avenger Box Office sticker on @ GetGlue! http://bit.ly/o9XZZg
Captain America: The First Avenger	I unlocked the Captain America: The First Avenger Box Office sticker on @ GetGlue! http://bit.ly/roalMI
Captain America: The First Avenger	I am watching Captain America: The First Avenger w/350 others http://bit.ly/qHRYdS @ GetGlue # CaptainAmerica
